ZONE,ARRONDISSEMENT,HEURE,NB_TRAJETS,TRAJETS_PAR_JOUR,REVENU_MOYEN_USD,REVENU_MOYEN_CARTE_USD,REVENU_MOYEN_ESPECES_USD,PCT_PAIEMENT_CARTE
Midtown Center,Manhattan,18,45978,510.9,24.4,25.06,19.93,83.2
Midtown Center,Manhattan,17,45063,500.7,28.57,26.35,20.74,84.4
Midtown Center,Manhattan,19,38770,430.8,23.62,24.25,19.36,81.7
Midtown Center,Manhattan,20,38518,428.0,22.67,23.61,18.61,72.3
Midtown Center,Manhattan,16,36702,407.8,25.77,26.53,21.27,83.6
Upper East Side North,Manhattan,15,36598,406.6,20.37,20.64,17.12,81.3
Upper East Side South,Manhattan,14,36482,405.4,19.98,20.41,16.85,81.8
Upper East Side South,Manhattan,15,36399,404.4,19.98,20.34,16.94,82.4
Times Sq/Theatre District,Manhattan,21,36340,403.8,23.58,24.5,18.94,71.2
Upper East Side South,Manhattan,18,36093,401.0,21.23,21.54,17.97,81.9
